4-gemma-fewrel-semeval,4-gemma-semeval-fewrel128,4-llama-fewrel-semeval,4-llama-semeval-fewrel128,32-gemma-fewrel-semeval,32-gemma-semeval-fewrel128,32-llama-fewrel-semeval,32-llama-semeval-fewrel128,128-gemma-fewrel-semeval,128-gemma-semeval-fewrel128,128-llama-fewrel-semeval,128-llama-semeval-fewrel128
0.3075,0.6405880782100815,0.14410714285714274,0.4039999973926812,0.5519642857142857,0.7230770803535652,0.3967857142857143,0.6146979712255641,0.6094642857142855,0.7768424389038094,0.46392857142857136,0.6944877424394929
