Label,Accuracy
Instrument-Agency,0.6474358974358975
Component-Whole,0.40064102564102566
Member-Collection,0.648068669527897
Entity-Origin,0.23255813953488372
Other,0.07488986784140969
Cause-Effect,0.8140243902439024
Content-Container,0.9895833333333334
Message-Topic,0.8275862068965517
Product-Producer,0.43722943722943725
Entity-Destination,0.2979452054794521
