Label,Accuracy
Instrument-Agency,0.01282051282051282
Component-Whole,0.7019230769230769
Member-Collection,0.030042918454935622
Entity-Origin,0.16666666666666666
Other,0.048458149779735685
Cause-Effect,0.29878048780487804
Content-Container,0.052083333333333336
Message-Topic,0.04980842911877394
Product-Producer,0.16017316017316016
Entity-Destination,0.02054794520547945
