gemma-fewrel,gemma-semeval,llama-fewrel,llama-semeval
0.23517857142857151,0.5369962173163791,0.021071428571428567,0.15413046802805525
