Label,Accuracy
Content-Container,0.9635416666666666
Message-Topic,0.41762452107279696
Cause-Effect,0.9024390243902439
Component-Whole,0.49038461538461536
Instrument-Agency,0.5769230769230769
Member-Collection,0.703862660944206
Entity-Origin,0.22868217054263565
Other,0.019823788546255508
Entity-Destination,0.5342465753424658
Product-Producer,0.4935064935064935
