Label,Accuracy
Content-Container,0.96875
Message-Topic,0.8773946360153256
Cause-Effect,0.9085365853658537
Component-Whole,0.7692307692307693
Instrument-Agency,0.7051282051282052
Member-Collection,0.8369098712446352
Entity-Origin,0.5116279069767442
Other,0.046255506607929514
Entity-Destination,0.6746575342465754
Product-Producer,0.6190476190476191
