Model,Accuracy,F1 Score
2,0.06107142857142857,0.05255984903827421
4,0.22125,0.18958694281646177
8,0.38535714285714284,0.33130064816898636
16,0.5685714285714286,0.5220682303448287
32,0.7275,0.7182370999599189
64,0.8057142857142857,0.8049540840335057
128,0.8519642857142857,0.8499217410740958
256,0.8683928571428572,0.8676366451040151
