4-gemma-fewrel,4-gemma-semeval,4-llama-fewrel,4-llama-semeval,32-gemma-fewrel,32-gemma-semeval,32-llama-fewrel,32-llama-semeval
0.41553571428571423,0.6359298082493137,0.21357142857142852,0.39145376606276494,0.570892857142857,0.6917538633863657,0.3310714285714285,0.5331034593319457
