fewrel,semeval
0.09214285714285705,0.22725689028599994
