Label,Accuracy
Cause-Effect,0.43902439024390244
Content-Container,0.28125
Entity-Origin,0.27906976744186046
Message-Topic,0.14942528735632185
Member-Collection,0.11158798283261803
Entity-Destination,0.06506849315068493
Product-Producer,0.24242424242424243
Component-Whole,0.3942307692307692
Other,0.022026431718061675
Instrument-Agency,0.28846153846153844
