Label,Accuracy
Content-Container,0.9479166666666666
Message-Topic,0.8160919540229885
Cause-Effect,0.9115853658536586
Component-Whole,0.6698717948717948
Instrument-Agency,0.6730769230769231
Member-Collection,0.8154506437768241
Entity-Origin,0.4496124031007752
Other,0.048458149779735685
Entity-Destination,0.5034246575342466
Product-Producer,0.5238095238095238
