Label,Accuracy
Content-Container,0.4739583333333333
Message-Topic,0.26053639846743293
Cause-Effect,0.7987804878048781
Component-Whole,0.4551282051282051
Instrument-Agency,0.4935897435897436
Member-Collection,0.44206008583690987
Entity-Origin,0.16666666666666666
Other,0.019823788546255508
Entity-Destination,0.4143835616438356
Product-Producer,0.38961038961038963
