Label,Accuracy
Entity-Origin,0.2868217054263566
Entity-Destination,0.23972602739726026
Cause-Effect,0.8201219512195121
Component-Whole,0.5737179487179487
Content-Container,0.484375
Product-Producer,0.2987012987012987
Instrument-Agency,0.4230769230769231
Other,0.03524229074889868
Member-Collection,0.3648068669527897
Message-Topic,0.5134099616858238
