Label,Accuracy
Entity-Origin,0.46124031007751937
Entity-Destination,0.565068493150685
Cause-Effect,0.8932926829268293
Component-Whole,0.7019230769230769
Content-Container,0.90625
Product-Producer,0.6060606060606061
Instrument-Agency,0.7435897435897436
Other,0.04405286343612335
Member-Collection,0.7296137339055794
Message-Topic,0.7547892720306514
