Label,Accuracy
Entity-Origin,0.46124031007751937
Entity-Destination,0.4417808219178082
Cause-Effect,0.8841463414634146
Component-Whole,0.6282051282051282
Content-Container,0.953125
Product-Producer,0.5151515151515151
Instrument-Agency,0.6858974358974359
Other,0.024229074889867842
Member-Collection,0.6566523605150214
Message-Topic,0.896551724137931
