Label,Accuracy
Entity-Origin,0.6550387596899225
Entity-Destination,0.547945205479452
Cause-Effect,0.9054878048780488
Component-Whole,0.6955128205128205
Content-Container,0.984375
Product-Producer,0.696969696969697
Instrument-Agency,0.717948717948718
Other,0.048458149779735685
Member-Collection,0.7467811158798283
Message-Topic,0.946360153256705
