Label,Accuracy
Entity-Origin,0.6201550387596899
Entity-Destination,0.7054794520547946
Cause-Effect,0.9207317073170732
Component-Whole,0.75
Content-Container,0.984375
Product-Producer,0.6926406926406926
Instrument-Agency,0.7628205128205128
Other,0.039647577092511016
Member-Collection,0.8583690987124464
Message-Topic,0.896551724137931
