Label,Accuracy
Entity-Origin,0.7558139534883721
Entity-Destination,0.773972602739726
Cause-Effect,0.9115853658536586
Component-Whole,0.8108974358974359
Content-Container,0.9739583333333334
Product-Producer,0.7965367965367965
Instrument-Agency,0.8525641025641025
Other,0.05066079295154185
Member-Collection,0.8884120171673819
Message-Topic,0.9540229885057471
